coords,snout_x,snout_y,ID,centroid_x,centroid_y
0,,,mouse1,233.187,931.553
1,,,mouse1,231.444,927.152
2,,,mouse1,232.652,930.398
3,,,mouse1,231.907,929.043
4,,,mouse1,233.317,930.296
5,,,mouse1,234.39,933.403
6,,,mouse1,234.118,933.975
7,,,mouse1,232.031,948.164
8,,,mouse1,228.269,935.03
9,,,mouse1,229.395,934.937
10,,,mouse1,230.972,948.148
11,,,mouse1,232.158,947.558
12,,,mouse1,232.186,949.252
13,,,mouse1,230.816,932.444
14,,,mouse1,234.45,942.874
15,272.536,842.925,mouse1,232.225,924.095
16,,,mouse1,233.097,935.17
17,,,mouse1,232.308,906.27
18,276.1,816.287,mouse1,232.315,903.182
19,,,mouse1,233.047,907.526
20,274.941,805.934,mouse1,232.969,891.304
21,274.259,800.084,mouse1,233.418,884.457
22,,,mouse1,240.083,889.703
23,,,mouse1,237.594,882.377
24,,,mouse1,238.179,871.854
25,,,mouse1,233.199,872.003
26,,,mouse1,233.612,868.578
27,270.121,784.828,mouse1,232.288,860.115
28,266.318,786.479,mouse1,229.438,871.261
29,,,mouse1,226.93,882.66
30,,,mouse1,231.085,887.592
31,276.732,800.116,mouse1,229.574,880.437
32,,,mouse1,230.185,892.997
33,,,mouse1,230.656,892.489
34,,,mouse1,231.312,892.52
35,290.251,814.593,mouse1,230.642,899.392
36,297.046,813.261,mouse1,230.172,884.977
37,302.69,814.634,mouse1,229.525,886.344
38,303.874,816.122,mouse1,231.614,893.224
39,304.003,817.468,mouse1,232.14,898.985
40,,,mouse1,233.209,890.216
41,,,mouse1,235.13,891.544
42,,,mouse1,234.372,887.767
43,,,mouse1,233.184,889.125
44,,,mouse1,233.012,890.187
45,,,mouse1,233.773,891.06
46,,,mouse1,232.342,889.433
47,,,mouse1,231.168,881.071
48,,,mouse1,232.419,892.462
49,,,mouse1,231.915,885.415
50,,,mouse1,233.286,888.691
51,,,mouse1,231.671,890.376
52,,,mouse1,237.15,886.49
53,,,mouse1,237.906,887.462
54,,,mouse1,234.559,889.731
55,,,mouse1,238.797,885.134
56,,,mouse1,235.716,885.711
57,,,mouse1,233.296,888.078
58,,,mouse1,231.244,892.329
59,,,mouse1,231.259,888.973
60,,,mouse1,229.52,886.032
61,,,mouse1,230.3,886.148
62,,,mouse1,231.107,886.533
63,,,mouse1,228.601,885.006
64,,,mouse1,230.066,894.104
65,,,mouse1,230.644,889.854
66,,,mouse1,231.753,886.995
67,,,mouse1,235.191,886.987
68,,,mouse1,232.303,888.135
69,,,mouse1,228.045,892.926
70,,,mouse1,229.671,894.27
71,,,mouse1,233.01,886.87
72,,,mouse1,233.678,886.171
73,,,mouse1,235.481,886.54
74,299.974,830.747,mouse1,232.421,891.266
75,305.405,841.108,mouse1,231.163,905.674
76,313.439,843.927,mouse1,231.967,905.972
77,314.586,847.267,mouse1,232.168,901.807
78,313.836,838.287,mouse1,233.754,900.508
79,305.005,829.56,mouse1,238.568,900.977
80,,,mouse1,245.183,895.625
81,,,mouse1,239.515,894.807
82,,,mouse1,231.14,892.841
83,,,mouse1,225.183,899.823
84,,,mouse1,218.26,903.147
85,,,mouse1,215.231,906.868
86,,,mouse1,211.637,908.958
87,,,mouse1,212.933,910.167
88,,,mouse1,214.513,900.701
89,268.95,814.379,mouse1,218.938,905.304
90,274.236,816.259,mouse1,226.202,891.839
91,287.006,814.236,mouse1,228.259,901.912
92,298.244,815.25,mouse1,235.342,888.75
93,,,mouse1,232.041,901.823
94,,,mouse1,241.179,899.581
95,,,mouse1,236.759,906.532
96,,,mouse1,236.876,915.399
97,,,mouse1,231.583,917.572
98,,,mouse1,230.025,918.53
99,,,mouse1,232.16,919.605
100,,,mouse1,232.604,920.729
101,,,mouse1,230.431,920.197
102,,,mouse1,232.79,918.364
103,,,mouse1,235.371,919.516
104,,,mouse1,236.593,916.853
105,,,mouse1,236.438,903.934
106,,,mouse1,234.809,901.6
107,,,mouse1,230.536,908.092
108,,,mouse1,234.116,904.079
109,,,mouse1,223.687,913.537
110,,,mouse1,223.336,912.844
111,,,mouse1,218.572,915.401
112,,,mouse1,218.081,915.953
113,,,mouse1,218.001,917.609
114,,,mouse1,224.338,915.377
115,,,mouse1,233.529,908.085
116,301.679,833.063,mouse1,233.216,903.742
117,304.186,826.042,mouse1,234.622,902.435
118,311.601,819.651,mouse1,239.276,897.124
119,317.134,819.359,mouse1,242.6,893.666
120,,,mouse1,243.08,903.154
121,,,mouse1,242.533,904.278
122,,,mouse1,244.359,905.052
123,,,mouse1,230.44,916.512
124,,,mouse1,230.894,919.477
125,,,mouse1,233.712,921.783
126,,,mouse1,233.785,919.617
127,,,mouse1,230.393,916.857
128,,,mouse1,232.945,913.939
129,,,mouse1,235.125,907.219
130,,,mouse1,232.698,913.538
131,,,mouse1,235.038,916.707
132,,,mouse1,233.434,916.488
133,,,mouse1,234.51,915.792
134,,,mouse1,230.234,916.368
135,,,mouse1,236.278,906.958
136,,,mouse1,238.877,908.157
137,,,mouse1,230.981,914.403
138,,,mouse1,236.17,906.05
139,,,mouse1,234.304,906.885
140,,,mouse1,229.995,914.461
141,,,mouse1,227.553,914.327
142,,,mouse1,234.374,905.247
143,,,mouse1,237.526,903.206
144,,,mouse1,235.808,903.433
145,,,mouse1,233.378,902.376
146,,,mouse1,235.721,907.378
147,,,mouse1,231.041,914.912
148,,,mouse1,231.131,915.572
149,,,mouse1,230.979,916.47
150,,,mouse1,231.145,915.297
151,,,mouse1,236.074,908.124
152,,,mouse1,233.275,913.152
153,,,mouse1,231.642,913.715
154,,,mouse1,233.208,909.041
155,,,mouse1,234.407,908.638
156,,,mouse1,231.078,916.215
157,,,mouse1,230.808,915.326
158,,,mouse1,229.337,914.833
159,,,mouse1,231.351,915.438
160,,,mouse1,229.949,915.836
161,,,mouse1,229.364,915.651
162,,,mouse1,236.981,905.429
163,,,mouse1,239.205,908.412
164,,,mouse1,232.923,914.524
165,,,mouse1,239.56,907.064
166,,,mouse1,241.1,906.778
167,,,mouse1,243.444,905.622
168,,,mouse1,240.6,906.734
169,,,mouse1,242.893,905.812
170,,,mouse1,243.241,905.173
171,,,mouse1,237.35,908.114
172,,,mouse1,236.198,914.68
173,,,mouse1,236.228,914.864
174,,,mouse1,237.167,916.071
175,,,mouse1,237.387,916.833
176,,,mouse1,237.401,916.607
177,,,mouse1,235.856,917.177
178,,,mouse1,243.884,908.18
179,,,mouse1,245.719,904.633
180,,,mouse1,242.348,908.321
181,,,mouse1,246.875,904.882
182,,,mouse1,246.004,903.271
183,,,mouse1,243.152,908.658
184,,,mouse1,243.336,908.222
185,,,mouse1,244.345,906.121
186,,,mouse1,247.541,904.791
187,,,mouse1,246.651,906.273
188,,,mouse1,244.758,906.398
189,,,mouse1,240.79,909.506
190,,,mouse1,242.806,906.112
191,,,mouse1,245.94,904.083
192,,,mouse1,245.958,903.621
193,,,mouse1,246.27,904.084
194,,,mouse1,243.667,905.544
195,,,mouse1,240.389,910.311
196,,,mouse1,242.014,909.027
197,,,mouse1,242.282,908.362
198,,,mouse1,241.982,909.829
199,,,mouse1,242.164,909.042
200,,,mouse1,248.896,902.348
201,,,mouse1,242.441,908.09
202,,,mouse1,242.804,907.918
203,,,mouse1,241.578,910.198
204,,,mouse1,240.361,910.1
205,,,mouse1,239.665,911.012
206,,,mouse1,244.473,900.917
207,,,mouse1,241.316,910.128
208,,,mouse1,248.314,902.141
209,,,mouse1,248.468,902.813
210,,,mouse1,243.187,906.066
211,,,mouse1,244.574,902.509
212,,,mouse1,246.245,904.208
213,,,mouse1,247.444,904.018
214,,,mouse1,241.754,909.476
215,,,mouse1,242.043,910.362
216,,,mouse1,244.962,901.638
217,,,mouse1,247.475,903.688
218,,,mouse1,247.66,903.611
219,,,mouse1,245.311,902.073
220,,,mouse1,247.471,900.452
221,,,mouse1,243.199,909.747
222,,,mouse1,244.945,901.168
223,,,mouse1,242.167,911.409
224,,,mouse1,246.179,900.647
225,,,mouse1,245.461,907.897
226,,,mouse1,244.373,908.618
227,,,mouse1,246.478,906.393
228,,,mouse1,247.339,900.736
229,,,mouse1,245.507,906.133
230,,,mouse1,246.138,905.592
231,,,mouse1,248.199,905.104
232,,,mouse1,248.445,905.129
233,,,mouse1,244.387,909.028
234,,,mouse1,242.13,910.185
235,,,mouse1,243.993,902.866
236,,,mouse1,241.404,904.705
237,,,mouse1,238.989,907.56
238,,,mouse1,241.661,904.164
239,,,mouse1,235.874,905.659
240,,,mouse1,239.823,901.541
241,,,mouse1,240.183,900.542
242,,,mouse1,240.398,899.94
243,,,mouse1,239.682,903.701
244,,,mouse1,236.109,902.732
245,,,mouse1,240.257,901.752
246,,,mouse1,240.895,902.303
247,,,mouse1,243.468,904.778
248,,,mouse1,245.021,903.052
249,,,mouse1,242.983,903.48
250,,,mouse1,237.739,901.781
251,,,mouse1,240.59,905.36
252,,,mouse1,240.098,904.726
253,,,mouse1,240.89,901.258
254,,,mouse1,242.538,904.683
255,,,mouse1,240.828,902.998
256,,,mouse1,240.006,902.631
257,,,mouse1,242.109,903.42
258,,,mouse1,243.373,900.438
259,,,mouse1,243.347,901.995
260,,,mouse1,240.066,904.318
261,,,mouse1,234.072,904.682
262,,,mouse1,244.289,901.017
263,,,mouse1,247.261,899.838
264,,,mouse1,248.066,901.234
265,,,mouse1,245.266,903.569
266,,,mouse1,242.961,905.904
267,,,mouse1,235.524,905.939
268,,,mouse1,241.575,902.002
269,,,mouse1,240.917,904.029
270,,,mouse1,240.859,904.861
271,,,mouse1,242.041,904.418
272,,,mouse1,242.738,903.085
273,,,mouse1,242.348,903.63
274,,,mouse1,243.269,903.49
275,,,mouse1,244.705,902.426
276,,,mouse1,246.758,902.334
277,,,mouse1,249.613,900.786
278,,,mouse1,249.84,901.351
279,,,mouse1,249.352,901.58
280,,,mouse1,241.388,901.61
281,,,mouse1,243.739,905.904
282,,,mouse1,248.231,894.74
283,,,mouse1,247.918,902.512
284,,,mouse1,246.519,902.912
285,,,mouse1,244.921,902.942
286,,,mouse1,246.522,902.844
287,,,mouse1,242.577,906.601
288,,,mouse1,245.527,903.729
289,,,mouse1,245.28,903.037
290,,,mouse1,244.342,902.856
291,,,mouse1,245.674,901.007
292,,,mouse1,246.033,900.521
293,,,mouse1,243.683,901.627
294,,,mouse1,244.229,901.118
295,,,mouse1,244.248,903.561
296,,,mouse1,246.091,902.324
297,,,mouse1,245.78,899.45
298,,,mouse1,244.468,899.985
299,,,mouse1,242.892,902.631
300,,,mouse1,243.341,905.562
301,,,mouse1,243.813,903.704
302,,,mouse1,239.861,910.789
303,,,mouse1,246.236,906.098
304,,,mouse1,248.408,902.478
305,,,mouse1,250.427,904.373
306,,,mouse1,251.597,902.334
307,,,mouse1,251.458,898.771
308,,,mouse1,244.876,899.605
309,,,mouse1,244.01,900.144
310,,,mouse1,247.598,899.719
311,,,mouse1,251.629,896.928
312,,,mouse1,242.377,900.215
313,,,mouse1,249.44,899.307
314,,,mouse1,248.4,903.081
315,,,mouse1,247.931,905.146
316,,,mouse1,242.518,903.463
317,,,mouse1,243.088,902.346
318,,,mouse1,241.869,902.587
319,,,mouse1,249.403,902.761
320,,,mouse1,248.48,902.605
321,,,mouse1,247.974,903.908
322,,,mouse1,242.533,903.067
323,,,mouse1,243.901,903.661
324,,,mouse1,243.042,901.973
325,,,mouse1,243.608,901.893
326,,,mouse1,246.038,906.42
327,,,mouse1,249.462,902.157
328,,,mouse1,242.059,904.497
329,,,mouse1,248.797,905.394
330,,,mouse1,248.035,904.497
331,,,mouse1,250.851,902.959
332,,,mouse1,242.753,901.618
333,,,mouse1,243.158,901.51
334,,,mouse1,243.751,901.79
335,,,mouse1,243.586,904.617
336,,,mouse1,246.784,901.793
337,,,mouse1,242.754,903.566
338,,,mouse1,243.577,903.383
339,,,mouse1,240.885,903.522
340,,,mouse1,239.993,905.744
341,,,mouse1,242.253,905.564
342,,,mouse1,242.328,906.028
343,,,mouse1,241.91,906.379
344,,,mouse1,244.46,898.614
345,,,mouse1,241.899,892.806
346,,,mouse1,246.435,895.365
347,,,mouse1,243.478,895.019
348,,,mouse1,248.747,895.273
349,,,mouse1,242.434,892.009
350,,,mouse1,243.531,891.287
351,,,mouse1,244.512,889.166
352,,,mouse1,243.672,888.753
353,,,mouse1,241.764,890.951
354,,,mouse1,241.968,891.058
355,,,mouse1,240.512,890.633
356,,,mouse1,240.039,888.65
357,,,mouse1,236.465,888.921
358,,,mouse1,233.216,889.075
359,,,mouse1,228.132,908.005
360,,,mouse1,,
361,,,mouse1,,
362,,,mouse1,,
363,295.958,829.972,mouse1,,
364,305.693,835.008,mouse1,,
365,313.818,833.811,mouse1,227.419,891.167
366,319.622,834.059,mouse1,227.729,883.971
367,315.335,820.566,mouse1,227.115,875.193
368,306.815,813.157,mouse1,226.923,858.894
369,,,mouse1,231.471,851.357
370,305.755,774.597,mouse1,235.705,841.938
371,,,mouse1,236.006,820.985
372,311.385,740.931,mouse1,237.801,806.602
373,308.323,735.298,mouse1,241.304,801.951
374,313.933,723.196,mouse1,249.649,799.503
375,316.549,721.056,mouse1,249.297,794.004
376,,,mouse1,256.916,792.539
377,,,mouse1,262.595,787.221
378,,,mouse1,261.415,773.373
379,,,mouse1,259.098,768.828
380,,,mouse1,257.782,760.573
381,,,mouse1,257.361,755.468
382,337.661,672.903,mouse1,259.885,745.366
383,,,mouse1,259.108,730.484
384,,,mouse1,266.111,727.929
385,,,mouse1,269.336,710.321
386,,,mouse1,275.931,704.948
387,,,mouse1,277.639,694.998
388,,,mouse1,281.781,680.079
389,,,mouse1,281.68,658.957
390,,,mouse1,277.885,656.062
391,,,mouse1,267.416,642.471
392,,,mouse1,260.615,648.358
393,,,mouse1,266.343,648.561
394,,,mouse1,262.117,638.414
395,,,mouse1,264.01,629.81
396,,,mouse1,266.315,624.209
397,,,mouse1,260.532,616.864
398,,,mouse1,257.644,607.369
399,,,mouse1,260.061,598.945
400,,,mouse1,257.738,597.204
401,,,mouse1,259.306,582.838
402,,,mouse1,257.989,575.107
403,284.363,460.636,mouse1,253.269,569.202
404,,,mouse1,253.525,550.628
405,,,mouse1,252.705,536.768
406,,,mouse1,250.126,531.726
407,267.331,410.106,mouse1,248.522,517.717
408,263.616,398.782,mouse1,250.981,517.258
409,265.276,388.35,mouse1,253.88,504.089
410,269.036,382.667,mouse1,253.647,501.761
411,268.568,371.662,mouse1,255.217,485.378
412,270.302,366.659,mouse1,250.98,468.481
413,267.725,351.308,mouse1,246.863,468.523
414,265.079,338.445,mouse1,246.758,458.022
415,269.356,334.477,mouse1,246.651,445.563
416,263.768,319.203,mouse1,246.193,438.699
417,268.257,307.387,mouse1,246.399,425.661
418,266.552,298.869,mouse1,248.735,404.458
419,259.957,285.624,mouse1,244.505,399.821
420,262.963,273.743,mouse1,247.667,391.231
421,258.448,268.142,mouse1,247.175,384.127
422,261.434,257.644,mouse1,245.854,378.947
423,256.21,251.685,mouse1,246.275,366.402
424,261.138,240.714,mouse1,246.131,360.703
425,259.407,234.002,mouse1,244.968,352.437
426,265.132,225.684,mouse1,247.255,345.387
427,262.935,225.208,mouse1,242.338,345.99
428,262.629,226.566,mouse1,237.622,343.487
429,266.73,233.91,mouse1,235.294,342.534
430,266.259,239.7,mouse1,226.834,349.628
431,,,mouse1,226.096,348.934
432,,,mouse1,227.545,353.859
433,,,mouse1,229.354,371.349
434,,,mouse1,227.904,378.24
435,,,mouse1,229.047,380.566
436,,,mouse1,235.603,428.096
437,,,mouse1,241.25,443.044
438,,,mouse1,228.19,412.192
439,284.264,367.736,mouse1,311.638,490.76
440,278.841,366.939,mouse1,226.354,458.438
441,,,mouse1,,
442,,,mouse1,310.171,501.189
443,,,mouse1,259.91,503.226
444,,,mouse1,226.759,477.604
445,,,mouse1,227.682,500.478
446,,,mouse1,,
447,,,mouse1,,
448,,,mouse1,210.255,539.196
449,,,mouse1,224.603,561.515
450,,,mouse1,220.356,580.617
451,,,mouse1,220.253,580.813
452,,,mouse1,220.997,580.17
453,307.85,524.326,mouse1,227.369,573.172
454,317.253,531.685,mouse1,230.094,578.027
455,321.462,546.813,mouse1,231.879,573.047
456,322.343,553.622,mouse1,229.033,580.663
457,332.002,562.941,mouse1,232.317,556.676
458,336.263,571.634,mouse1,230.719,564.406
459,342.076,581.758,mouse1,233.223,572.984
460,346.5,591.902,mouse1,248.847,561.02
461,348.757,596.703,mouse1,248.401,562.237
462,354.316,608.902,mouse1,247.05,563.546
463,363.058,616.545,mouse1,256.848,564.033
464,365.294,625.244,mouse1,266.625,567.082
465,368.427,627.669,mouse1,263.404,565.242
466,374.06,632.805,mouse1,272.098,572.152
467,380.185,640.351,mouse1,279.127,574.866
468,379.876,643.367,mouse1,281.248,575.74
469,383.805,645.192,mouse1,280.839,578.048
470,385.116,647.383,mouse1,282.415,566.723
471,391.735,649.058,mouse1,283.215,564.912
472,401.175,652.817,mouse1,293.362,567.957
473,409.675,654.714,mouse1,301.254,565.482
474,414.442,660.792,mouse1,309.521,573.843
475,418.218,665.923,mouse1,324.34,592.965
476,423.864,670.462,mouse1,313.516,603.116
477,422.38,680.619,mouse1,309.226,619.574
478,414.93,691.044,mouse1,310.918,620.9
479,415.136,700.591,mouse1,311.428,613.076
480,403.739,703.766,mouse1,320.992,609.685
481,395.59,707.135,mouse1,312.665,607.048
482,382.214,713.214,mouse1,309.403,607.198
483,382.146,719.013,mouse1,306.081,607.861
484,353.881,720.827,mouse1,300.149,601.611
485,348.84,723.959,mouse1,297.814,610.757
486,334.75,735.08,mouse1,298.866,600.997
487,317.171,745.876,mouse1,288.42,629.75
488,318.895,751.566,mouse1,288.581,633.04
489,322.87,750.515,mouse1,285.93,635.104
490,323.316,751.799,mouse1,293.034,633.546
491,321.817,758.894,mouse1,283.888,644.983
492,320.134,765.736,mouse1,297.961,649.98
493,321.708,767.205,mouse1,304.129,648.128
494,325.597,770.517,mouse1,304.561,652.42
495,335.72,783.543,mouse1,312.609,660.058
496,335.876,790.675,mouse1,310.857,664.188
497,339.993,799.769,mouse1,313.866,680.284
498,333.894,815.543,mouse1,312.301,689.349
499,334.626,815.89,mouse1,304.527,695.947
500,334.436,816.397,mouse1,304.685,693.911
501,331.251,819.166,mouse1,303.317,696.974
502,328.607,821.873,mouse1,294.405,711.305
503,321.632,823.795,mouse1,296.499,708.39
504,320.355,826.435,mouse1,290.322,708.951
505,306.179,823.745,mouse1,286.007,713.977
506,303.729,823.629,mouse1,281.638,712.426
507,300.726,820.466,mouse1,279.33,711.517
508,299.786,815.004,mouse1,282.826,697.472
509,303.461,818.241,mouse1,285.463,695.863
510,297.912,813.925,mouse1,286.756,694.891
511,283.768,814.848,mouse1,286.711,699.898
512,272.789,822.515,mouse1,287.275,703.19
513,256.991,829.722,mouse1,285.251,714.098
514,249.983,834.364,mouse1,280.181,710.641
515,254.835,842.981,mouse1,281.229,727.864
516,255.028,850.59,mouse1,277.924,735.271
517,258.025,865.851,mouse1,272.974,748.908
518,258.681,878.76,mouse1,274.532,761.563
519,257.946,890.777,mouse1,272.666,772.948
520,264.91,901.995,mouse1,271.798,776.135
521,267.536,913.252,mouse1,266.53,794.683
522,265.108,918.274,mouse1,264.929,790.187
523,264.655,928.511,mouse1,262.458,810.442
524,273.442,947.012,mouse1,262.472,825.15
525,274.025,961.123,mouse1,260.963,841.381
526,254.62,976.574,mouse1,260.756,855.942
527,253.17,989.298,mouse1,262.741,854.925
528,244.14,995.021,mouse1,260.223,871.343
529,238.291,1008.023,mouse1,263.929,882.152
530,226.971,1019.391,mouse1,253.565,885.751
531,227.969,1030.064,mouse1,248.77,908.12
532,225.298,1032.631,mouse1,244.957,905.721
533,222.172,1032.668,mouse1,252.192,903.047
534,220.943,1029.746,mouse1,241.202,903.732
535,222.586,1026.027,mouse1,242.542,900.343
536,227.428,1021.465,mouse1,251.344,889.665
537,226.145,1016.889,mouse1,251.346,887.353
538,220.491,1012.156,mouse1,253.764,888.717
539,218.266,1013.798,mouse1,258.244,892.321
540,220.649,1019.81,mouse1,253.784,891.125
541,210.289,1024.25,mouse1,252.368,896.779
542,200.269,1025.679,mouse1,252.744,900.938
543,190.272,1037.804,mouse1,240.325,906.079
544,186.388,1042.89,mouse1,252.394,907.732
545,178.916,1050.758,mouse1,247.891,922.551
546,177.794,1057.96,mouse1,244.137,920.358
547,182.186,1063.569,mouse1,240.46,924.762
548,189.001,1069.039,mouse1,248.242,915.111
549,193.955,1071.09,mouse1,246.87,925.695
550,209.062,1076.751,mouse1,243.677,935.175
551,218.244,1078.091,mouse1,243.181,938.163
552,222.222,1086.614,mouse1,245.999,942.821
553,235.69,1089.871,mouse1,247.426,948.315
554,244.445,1096.77,mouse1,250.409,952.357
555,253.543,1103.442,mouse1,247.332,952.322
556,261.373,1107.945,mouse1,249.49,969.901
557,257.996,1119.588,mouse1,246.558,980.591
558,255.89,1133.321,mouse1,248.296,982.882
559,256.129,1149.406,mouse1,249.045,1001.342
560,255.601,1155.99,mouse1,246.074,1020.851
561,264.086,1165.642,mouse1,244.004,1032.431
562,256.961,1175.177,mouse1,239.699,1043.454
563,262.922,1181.851,mouse1,237.855,1050.96
564,271.239,1193.721,mouse1,239.63,1062.864
565,272.943,1201.033,mouse1,235.609,1063.937
566,273.711,1210.607,mouse1,238.839,1084.65
567,277.892,1223.883,mouse1,245.086,1093.94
568,283.292,1228.998,mouse1,243.264,1099.094
569,283.208,1230.906,mouse1,250.753,1104.407
570,284.806,1235.93,mouse1,245.962,1114.412
571,284.211,1243.997,mouse1,246.476,1112.337
572,286.205,1248.726,mouse1,242.498,1116.73
573,284.892,1247.483,mouse1,246.219,1115.963
574,280.063,1247.379,mouse1,246.264,1121.799
575,270.499,1258.619,mouse1,243.732,1129.238
576,271.008,1267.154,mouse1,248.737,1138.244
577,271.613,1279.812,mouse1,246.854,1142.465
578,272.338,1287.971,mouse1,247.859,1159.819
579,275.489,1295.916,mouse1,239.787,1167.13
580,278.77,1302.395,mouse1,238.819,1173.634
581,275.933,1306.412,mouse1,239.673,1177.823
582,281.641,1305.295,mouse1,238.32,1182.155
583,279.254,1304.491,mouse1,238.376,1178.742
584,276.329,1298.175,mouse1,241.375,1172.951
585,275.497,1294.057,mouse1,239.557,1172.926
586,275.213,1290.381,mouse1,237.21,1173.864
587,278.459,1287.341,mouse1,237.329,1172.306
588,283.165,1280.513,mouse1,237.833,1171.015
589,,,mouse1,239.499,1167.6
590,,,mouse1,240.598,1164.184
591,,,mouse1,241.269,1170.365
592,,,mouse1,242.87,1169.57
593,,,mouse1,239.796,1168.111
594,,,mouse1,242.542,1167.433
595,,,mouse1,241.787,1167.303
596,,,mouse1,246.354,1168.149
597,287.691,1279.627,mouse1,247.471,1169.088
598,290.005,1280.5,mouse1,245.974,1168.652
599,292.839,1280.372,mouse1,244.181,1170.975
600,302.874,1279.609,mouse1,239.922,1174.813
601,304.493,1277.44,mouse1,241.446,1175.364
602,304.274,1273.548,mouse1,240.916,1177.172
603,305.556,1273.875,mouse1,242.925,1173.816
604,305.759,1273.091,mouse1,243.974,1176.162
605,306.744,1273.033,mouse1,243.353,1173.372
606,306.817,1270.51,mouse1,241.862,1172.145
607,313.454,1273.894,mouse1,244.295,1171.292
608,311.689,1269.891,mouse1,243.169,1171.35
609,308.075,1271.629,mouse1,244.585,1169.828
610,306.34,1272.9,mouse1,241.871,1174.452
611,306.78,1273.568,mouse1,240.252,1174.053
612,306.29,1274.105,mouse1,241.155,1175.647
613,304.91,1275.158,mouse1,240.718,1175.609
614,305.494,1275.056,mouse1,242.99,1177.796
615,305.717,1274.53,mouse1,243.439,1173.697
616,305.768,1275.513,mouse1,244.025,1174.358
617,306.141,1276.264,mouse1,243.564,1175.782
618,305.873,1276.2,mouse1,242.53,1177.096
619,305.931,1275.44,mouse1,243.918,1171.156
620,306.221,1275.2,mouse1,243.839,1172.325
621,304.984,1276.454,mouse1,250.764,1173.444
622,306.641,1274.584,mouse1,243.434,1175.614
623,306.504,1275.739,mouse1,247.331,1174.408
624,306.487,1274.977,mouse1,241.241,1176.799
625,306.207,1275.243,mouse1,242.385,1175.897
626,306.07,1275.816,mouse1,242.726,1175.944
627,306.02,1277.056,mouse1,242.073,1176.176
628,303.938,1279.984,mouse1,240.726,1178.418
629,301.875,1283.634,mouse1,241.426,1177.27
630,301.17,1284.078,mouse1,238.228,1181.811
631,,,mouse1,237.39,1182.606
632,,,mouse1,238.733,1175.388
633,,,mouse1,236.337,1173.897
634,,,mouse1,236.24,1173.782
635,,,mouse1,234.526,1171.873
636,,,mouse1,234.304,1177.067
637,,,mouse1,233.107,1177.003
638,,,mouse1,240.309,1170.938
639,,,mouse1,244.738,1172.916
640,1222.954,1251.306,mouse2,1197.239,1126.446
641,1226.213,1264.612,mouse2,1201.444,1135.218
642,1231.071,1276.591,mouse2,1204.567,1153.815
643,1228.105,1284.292,mouse2,1207.13,1164.536
644,1227.107,1295.995,mouse2,1208.663,1178.273
645,1224.072,1297.692,mouse2,1211.614,1176.419
646,1227.144,1302.054,mouse2,1208.572,1188.152
647,1226.422,1300.854,mouse2,1220.129,1203.729
648,1232.174,1297.184,mouse2,1207.671,1187.919
649,1251.639,1289.612,mouse2,1206.567,1192.908
650,1264.965,1284.169,mouse2,1218.971,1192.222
651,1273.801,1279.139,mouse2,1223.755,1185.401
652,1282.174,1273.346,mouse2,1231.679,1188.621
653,1296.198,1272.015,mouse2,1226.367,1192.008
654,1308.143,1265.584,mouse2,1238.62,1193.126
655,1314.732,1269.357,mouse2,1239.372,1192.87
656,1320.606,1266.762,mouse2,1247.794,1199.156
657,1326.438,1276.596,mouse2,1245.519,1207.458
658,1329.586,1277.709,mouse2,1248.569,1211.639
659,1328.549,1273.567,mouse2,1252.774,1220.301
660,1330.641,1276.712,mouse2,1250.152,1209.021
661,1331.365,1276.783,mouse2,1250.102,1209.589
662,1330.312,1272.943,mouse2,1253.02,1207.661
663,1331.942,1272.246,mouse2,1252.865,1206.045
664,1331.24,1268.877,mouse2,1254.579,1210.004
665,1335.93,1270.196,mouse2,1254.448,1211.215
666,1337.526,1268.6,mouse2,1254.673,1209.459
667,1341.206,1276.608,mouse2,1247.955,1211.634
668,1340.529,1275.989,mouse2,1248.486,1209.997
669,1330.303,1266.522,mouse2,1252.846,1224.494
670,1330.16,1266.563,mouse2,1252.393,1224.101
671,,,mouse2,1248.238,1210.228
672,1338.837,1265.585,mouse2,1255.967,1223.043
673,1338.321,1266.006,mouse2,1258.593,1221.93
674,1338.258,1269.6,mouse2,1258.79,1220.472
675,1340.27,1276.114,mouse2,1258.685,1223.513
676,1340.609,1278.746,mouse2,1247.837,1211.143
677,,,mouse2,1248.843,1210.89
678,1339.649,1262.505,mouse2,1256.148,1222.711
679,1339.615,1262.233,mouse2,1252.975,1219.572
680,1341.268,1261.947,mouse2,1254.355,1219.071
681,1341.849,1262.134,mouse2,1255.681,1221.702
682,1341.624,1262.087,mouse2,1255.577,1221.472
683,1339.988,1261.908,mouse2,1257.07,1222.828
684,1329.848,1260.709,mouse2,1253.472,1221.059
685,1330.474,1260.417,mouse2,1255.941,1209.336
686,1331.148,1261.333,mouse2,1257.393,1209.995
687,,,mouse2,1249.029,1209.37
688,1327.748,1259.643,mouse2,1257.043,1209.632
689,,,mouse2,1250.089,1208.617
690,1331.089,1251.207,mouse2,1256.582,1209.535
691,1328.762,1260.058,mouse2,1257.21,1210.146
692,,,mouse2,1244.807,1209.071
693,,,mouse2,1245.066,1210.493
694,,,mouse2,1243.202,1209.628
695,,,mouse2,1242.935,1210.111
696,,,mouse2,1240.781,1210.339
697,,,mouse2,1240.838,1208.612
698,1316.758,1229.451,mouse2,1250.002,1211.841
699,1323.571,1247.142,mouse2,1251.126,1209.583
700,,,mouse2,1242.711,1208.424
701,,,mouse2,1241.723,1210.027
702,,,mouse2,1237.638,1209.373
703,,,mouse2,1239.583,1201.423
704,1316.19,1245.374,mouse2,1243.096,1201.625
705,,,mouse2,1240.251,1202.108
706,,,mouse2,1239.24,1200.172
707,,,mouse2,1234.888,1200.343
708,1323.638,1213.112,mouse2,1234.376,1197.806
709,1330.905,1195.854,mouse2,1234.351,1194.385
710,1335.694,1186.661,mouse2,1234.228,1188.555
711,1342.301,1179.927,mouse2,1229.74,1175.03
712,1341.69,1170.996,mouse2,1223.277,1174.495
713,1341.408,1167.679,mouse2,1225.31,1177.557
714,1330.313,1158.742,mouse2,1223.707,1172.665
715,1328.259,1148.045,mouse2,1225.554,1174.886
716,1323.958,1144.586,mouse2,1226.349,1163.184
717,1327.029,1137.1,mouse2,1225.069,1159.558
718,1325.722,1124.422,mouse2,1222.147,1154.365
719,1328.74,1120.418,mouse2,1226.213,1164.157
720,1325.911,1111.448,mouse2,1224.666,1158.464
721,1331.479,1099.308,mouse2,1228.282,1147.265
722,1335.024,1093.709,mouse2,1236.78,1144.327
723,1329.31,1086.633,mouse2,1241.419,1147.013
724,1327.43,1080.828,mouse2,1238.925,1143.558
725,1328.565,1075.744,mouse2,1242.548,1141.33
726,1321.146,1075.096,mouse2,1241.553,1140.03
727,1312.945,1070.204,mouse2,1232.64,1134.19
728,1312.13,1071.105,mouse2,1235.807,1135.771
729,1308.341,1072.594,mouse2,1223.695,1131.48
730,1309.411,1075.914,mouse2,1228.383,1138.805
731,1307.133,1075.915,mouse2,1224.056,1129.111
732,1310.771,1084.262,mouse2,1224.773,1143.737
733,1310.731,1087.604,mouse2,1222.627,1133.875
734,1305.884,1086.091,mouse2,1222.124,1146.403
735,1305.943,1090.269,mouse2,1220.568,1146.596
736,1311.042,1099.246,mouse2,1227.87,1145.291
737,1313.203,1100.529,mouse2,1227.856,1145.418
738,1313.693,1098.506,mouse2,1220.292,1147.393
739,1312.287,1099.581,mouse2,1223.809,1142.941
740,1309.777,1100.846,mouse2,1221.85,1143.934
741,1309.27,1100.98,mouse2,1223.409,1144.268
742,1309.509,1102.829,mouse2,1225.426,1145.788
743,1299.076,1103.204,mouse2,1224.913,1146.558
744,1303.701,1105.907,mouse2,1219.798,1147.643
745,1303.361,1106.947,mouse2,1223.907,1145.847
746,1312.352,1115.719,mouse2,1225.039,1149.831
747,1313.871,1121.981,mouse2,1223.348,1143.351
748,1323.448,1135.231,mouse2,1223.816,1147.566
749,1327.033,1147.847,mouse2,1239.564,1143.766
750,1338.826,1154.403,mouse2,1233.952,1151.316
751,1346.716,1160.431,mouse2,1238.966,1155.241
752,1356.485,1156.794,mouse2,1238.261,1160.485
753,1360.264,1161.509,mouse2,1247.939,1157.096
754,1361.44,1162.375,mouse2,1251.662,1158.775
755,1361.387,1170.264,mouse2,1252.379,1159.261
756,1360.094,1186.947,mouse2,1254.255,1160.78
757,1361.683,1197.299,mouse2,1250.052,1162.214
758,1356.42,1202.859,mouse2,1244.933,1159.275
759,1345.043,1213.134,mouse2,1241.047,1162.482
760,1329.364,1228.96,mouse2,1226.252,1163.015
761,1299.548,1250.007,mouse2,1223.67,1155.574
762,1292.898,1262.37,mouse2,1226.446,1177.033
763,1278.448,1267.07,mouse2,1227.695,1168.294
764,1277.907,1276.943,mouse2,1227.06,1171.629
765,1272.802,1285.927,mouse2,1228.326,1179.157
766,1275.079,1295.883,mouse2,1227.879,1193.3
767,1267.145,1300.549,mouse2,1228.716,1189.506
768,1260.948,1311.195,mouse2,1224.601,1189.149
769,1244.543,1314.345,mouse2,1225.962,1191.008
770,1242.473,1326.082,mouse2,1224.615,1203.375
771,1231.282,1327.396,mouse2,1221.165,1203.997
772,1213.752,1330.493,mouse2,1220.438,1204.076
773,1206.838,1335.086,mouse2,1221.36,1209.757
774,1198.744,1330.296,mouse2,1223.412,1210.573
775,1194.522,1329.575,mouse2,1223.654,1211.665
776,1195.082,1330.744,mouse2,1223.517,1209.897
777,1194.505,1329.798,mouse2,1219.209,1221.745
778,1194.813,1329.909,mouse2,1221.014,1211.334
779,1201.927,1325.221,mouse2,1217.455,1210.337
780,,,mouse2,1209.659,1209.723
781,1224.946,1297.903,mouse2,1203.401,1200.489
782,1231.652,1294.328,mouse2,1202.186,1196.165
783,1237.909,1283.099,mouse2,1196.146,1193.586
784,1247.25,1276.502,mouse2,1191.951,1190.591
785,1262.925,1267.457,mouse2,1189.242,1189.557
786,1272.62,1232.134,mouse2,1188.059,1187.129
787,1279.201,1203.429,mouse2,1188.943,1175.423
788,1282.349,1188.818,mouse2,1189.29,1162.686
789,1281.585,1165.323,mouse2,1176.736,1165.182
790,1281.462,1144.667,mouse2,1177.72,1160.972
791,1276.033,1139.951,mouse2,1191.903,1146.946
792,1279.832,1136.884,mouse2,1178.146,1144.456
793,1273.945,1123.75,mouse2,1177.591,1146.71
794,1267.388,1113.371,mouse2,1177.378,1142.921
795,1267.082,1117.281,mouse2,1177.569,1141.426
796,1266.86,1114.677,mouse2,1183.861,1136.896
797,1266.757,1101.379,mouse2,1188.712,1136.962
798,1261.711,1093.925,mouse2,1181.383,1144.17
799,1258.173,1074.585,mouse2,1188.895,1145.71
800,1263.471,1068.999,mouse2,1206.338,1133.143
801,1267.046,1052.076,mouse2,1204.492,1128.225
802,1278.073,1027.652,mouse2,1212.821,1123.71
803,1290.47,1015.752,mouse2,1219.086,1113.382
804,1290.804,1006.491,mouse2,1233.035,1087.238
805,1297.209,1004.987,mouse2,1222.966,1108.753
806,1302.865,994.897,mouse2,1231.154,1095.687
807,1302.73,988.045,mouse2,1237.532,1092.669
808,1312.634,977.555,mouse2,1238.735,1081.905
809,1322.851,973.453,mouse2,1245.245,1079.856
810,1327.256,971.283,mouse2,1256.402,1065.571
811,1321.733,960.989,mouse2,1264.721,1031.789
812,1317.025,959.272,mouse2,1271.047,1031.525
813,1317.758,957.908,mouse2,1274.032,1029.968
814,1317.297,947.245,mouse2,1269.7,1030.224
815,1322.869,946.488,mouse2,1267.149,1019.643
816,1325.798,951.171,mouse2,1268.128,1014.661
817,1336.206,948.026,mouse2,1266.88,1017.607
818,1336.941,947.002,mouse2,1256.364,1031.233
819,1335.653,945.824,mouse2,1257.397,1029.815
820,1338.895,942.046,mouse2,1258.386,1028.235
821,1341.618,944.859,mouse2,1258.967,1025.948
822,1342.374,944.88,mouse2,1258.271,1025.412
823,1343.729,943.453,mouse2,1256.017,1027.879
824,1344.32,937.99,mouse2,1256.153,1034.975
825,1344.533,934.793,mouse2,1257.633,1030.316
826,1342.067,923.242,mouse2,1255.872,1027.78
827,1336.541,911.271,mouse2,1261.338,1014.714
828,1327.012,897.643,mouse2,1266.112,1016.981
829,1326.65,891.214,mouse2,1267.643,1006.586
830,1314.026,879.389,mouse2,1272.357,1001.74
831,1311.551,870.851,mouse2,1273.93,994.566
832,1305.138,863.734,mouse2,1271.282,986.548
833,1296.721,861.378,mouse2,1269.982,983.614
834,1293.724,861.016,mouse2,1273.782,975.14
835,1292.267,861.467,mouse2,1254.424,966.766
836,1281.145,858.568,mouse2,1254.871,962.78
837,1278.214,855.735,mouse2,1250.829,960.71
838,1277.431,859.434,mouse2,1247.369,959.464
839,1265.504,865.804,mouse2,1249.812,967.235
840,1261.343,876.91,mouse2,1253.762,986.708
841,1253.587,878.364,mouse2,1256.194,982.993
842,1243.798,884.8,mouse2,1259.155,986.153
843,1235.171,896.748,mouse2,1261.132,981.431
844,1228.768,898.956,mouse2,1261.118,983.471
845,1228.815,898.495,mouse2,1261.171,985.709
846,1229.398,896.744,mouse2,1256.902,999.688
847,1228.383,899.319,mouse2,1256.47,998.441
848,1228.863,900.771,mouse2,1255.797,1000.912
849,1227.331,899.214,mouse2,1257.766,999.548
850,1221.608,903.366,mouse2,1256.298,998.284
851,1211.454,899.695,mouse2,1257.332,997.889
852,1196.031,910.261,mouse2,1256.507,994.892
853,1177.631,917.576,mouse2,1254.604,990.058
854,1164.938,924.34,mouse2,1253.054,971.76
855,1147.983,923.673,mouse2,1244.149,967.46
856,1125.43,917.622,mouse2,1235.316,972.302
857,1107.765,912.679,mouse2,1225.172,968.326
858,1093.323,910.277,mouse2,1215.497,960.692
859,1078.455,909.671,mouse2,1203.555,959.553
860,1069.298,912.077,mouse2,1194.379,949.756
861,1055.099,913.344,mouse2,1172.729,941.809
862,1048.356,918.293,mouse2,1171.303,940.491
863,1038.309,927.504,mouse2,1157.655,926.306
864,1037.025,939.957,mouse2,1147.812,933.268
865,1032.446,943.375,mouse2,1137.203,922.671
866,1024.141,948.524,mouse2,1133.583,924.156
867,1018.733,957.721,mouse2,1129.23,936.92
868,1008.236,963.229,mouse2,1126.075,939.982
869,1003.592,963.565,mouse2,1120.793,943.727
870,997.023,969.086,mouse2,1119.749,945.065
871,994.68,970.294,mouse2,1113.295,951.443
872,992.752,975.831,mouse2,1107.51,948.976
873,991.034,975.472,mouse2,1098.43,937.042
874,990.074,975.146,mouse2,1092.746,937.72
875,988.448,977.83,mouse2,1090.965,947.419
876,984.942,984.535,mouse2,1090.76,955.917
877,979.521,989.647,mouse2,1086.111,954.087
878,982.13,1001.766,mouse2,1088.651,959.648
879,978.071,999.516,mouse2,1082.439,950.473
880,975.969,1001.324,mouse2,1084.322,962.79
881,974.262,993.108,mouse2,1084.25,955.975
882,972.211,979.31,mouse2,1083.498,953.44
883,960.445,976.062,mouse2,1079.322,950.771
884,944.98,972.099,mouse2,1069.927,948.051
885,915.113,970.101,mouse2,1051.755,948.215
886,895.542,972.672,mouse2,1029.278,953.983
887,866.219,972.25,mouse2,1009.382,955.14
888,846.927,972.556,mouse2,986.913,951.264
889,831.245,974.328,mouse2,962.279,953.558
890,810.084,983.022,mouse2,942.043,949.201
891,796.824,990.034,mouse2,921.95,951.626
892,782.697,996.309,mouse2,902.497,957.817
893,775.902,1011.544,mouse2,880.818,965.359
894,767.438,1022.664,mouse2,866.861,972.181
895,768.696,1036.683,mouse2,871.546,973.799
896,766.292,1050.383,mouse2,864.507,980.459
897,767.365,1055.199,mouse2,859.482,984.284
898,765.189,1056.882,mouse2,855.888,984.902
899,763.096,1059.956,mouse2,858.741,985.218
900,765.717,1067.988,mouse2,853.652,980.084
901,766.899,1069.496,mouse2,856.322,984.772
902,767.083,1068.142,mouse2,859.615,983.106
903,770.669,1063.585,mouse2,860.315,983.498
904,782.837,1068.812,mouse2,861.078,982.942
905,794.346,1072.964,mouse2,858.234,983.38
906,798.724,1088.375,mouse2,853.417,997.889
907,802.654,1096.342,mouse2,852.11,987.208
908,813.614,1109.597,mouse2,862.909,998.775
909,820.304,1119.641,mouse2,863.157,1015.108
910,819.686,1132.739,mouse2,860.331,1011.188
911,822.671,1138.484,mouse2,857.586,1019.532
912,820.597,1152.655,mouse2,855.411,1014.231
913,830.199,1163.683,mouse2,854.563,1034.2
914,829.476,1169.306,mouse2,858.891,1025.318
915,833.471,1175.169,mouse2,861.464,1029.439
916,832.158,1178.003,mouse2,859.195,1047.832
917,828.889,1180.823,mouse2,861.815,1041.474
918,817.077,1184.042,mouse2,856.916,1061.662
919,813.13,1190.778,mouse2,858.361,1060.481
920,803.795,1197.866,mouse2,853.924,1082.434
921,798.971,1210.237,mouse2,850.253,1092.588
922,798.522,1223.409,mouse2,842.826,1098.904
923,797.554,1231.144,mouse2,838.735,1112.308
924,796.922,1238.269,mouse2,836.069,1117.922
925,790.872,1247.013,mouse2,832.526,1127.765
926,783.931,1262.585,mouse2,828.959,1136.646
927,778.099,1263.557,mouse2,831.279,1137.534
928,767.005,1272.817,mouse2,831.156,1156.002
929,767.728,1291.518,mouse2,832.569,1158.506
930,768.301,1302.665,mouse2,822.542,1177.325
931,771.97,1309.045,mouse2,814.933,1179.942
932,772.606,1315.427,mouse2,813.859,1179.365
933,772.515,1315.08,mouse2,809.138,1179.873
934,768.445,1311.135,mouse2,808.647,1177.876
935,765.965,1307.987,mouse2,808.855,1174.083
936,761.476,1295.666,mouse2,812.632,1181.241
937,767.597,1295.208,mouse2,815.236,1172.048
938,764.011,1283.239,mouse2,820.341,1166.83
939,750.802,1267.694,mouse2,819.136,1166.101
940,734.713,1245.64,mouse2,822.548,1156.042
941,725.241,1225.979,mouse2,823.785,1162.215
942,716.254,1203.812,mouse2,819.789,1159.261
943,705.286,1195.251,mouse2,817.637,1149.729
944,695.481,1182.508,mouse2,809.193,1142.346
945,674.137,1177.117,mouse2,798.454,1142.466
946,655.593,1175.772,mouse2,784.833,1146.109
947,641.508,1171.235,mouse2,773.326,1148.008
948,625.335,1174.981,mouse2,757.998,1151.629
949,605.277,1175.588,mouse2,744.038,1157.848
950,588.715,1172.035,mouse2,727.678,1160.044
951,575.527,1174.995,mouse2,711.189,1170.578
952,562.099,1175.324,mouse2,698.786,1172.029
953,550.693,1172.119,mouse2,686.096,1160.828
954,536.427,1166.731,mouse2,674.848,1158.645
955,524.312,1164.816,mouse2,665.752,1153.259
956,511.904,1162.079,mouse2,646.597,1156.282
957,495.913,1156.171,mouse2,632.053,1155.084
958,480.722,1150.494,mouse2,620.598,1158.296
959,471.825,1148.879,mouse2,609.054,1159.372
960,461.18,1148.139,mouse2,596.334,1162.34
961,454.631,1144.303,mouse2,586.573,1157.354
962,443.746,1134.497,mouse2,577.451,1152.847
963,437.072,1118.545,mouse2,565.792,1148.677
964,420.399,1109.152,mouse2,548.343,1140.346
965,403.663,1101.432,mouse2,537.74,1138.05
966,389.866,1090.419,mouse2,517.145,1132.414
967,368.574,1079.894,mouse2,505.599,1126.507
968,353.389,1069.467,mouse2,484.044,1123.129
969,337.602,1056.497,mouse2,459.4,1117.425
970,327.325,1038.602,mouse2,428.478,1101.989
971,317.27,1025.547,mouse2,417.916,1097.266
972,303.1,1017.917,mouse2,399.676,1087.721
973,295.087,1008.395,mouse2,381.668,1074.553
974,287.821,1004.122,mouse2,382.407,1075.325
975,284.433,991.188,mouse2,372.129,1066.721
976,279.01,988.213,mouse2,371.642,1071.694
977,282.549,996.192,mouse2,367.506,1072.331
978,277.26,997.349,mouse2,371.739,1079.573
979,281.229,988.309,mouse2,372.454,1081.868
980,279.346,990.402,mouse2,372.622,1085.01
981,276.991,991.155,mouse2,372.58,1082.784
982,278.121,994.536,mouse2,372.915,1084.166
983,280.449,992.971,mouse2,378.298,1082.292
984,283.295,994.803,mouse2,379.19,1085.078
985,280.924,974.403,mouse2,371.819,1082.292
986,283.47,977.001,mouse2,359.485,1073.775
987,280.872,961.387,mouse2,355.733,1058.485
988,274.375,957.773,mouse2,349.81,1048.581
989,286.009,945.815,mouse2,349.293,1046.813
990,291.238,939.121,mouse2,348.809,1045.149
991,301.27,944.089,mouse2,347.838,1049.821
992,307.065,935.307,mouse2,353.859,1045.613
993,308.278,926.923,mouse2,360.665,1039.187
994,309.479,924.811,mouse2,360.172,1043.246
995,307.418,923.486,mouse2,362.586,1034.574
996,300.296,923.246,mouse2,359.962,1031.829
997,299.191,923.008,mouse2,358.651,1029.088
998,297.457,923.457,mouse2,356.548,1032.149
999,298.402,926.497,mouse2,356.061,1031.057
1000,291.305,927.883,mouse2,352.658,1027.773
1001,284.142,926.18,mouse2,351.154,1025.157
1002,281.896,926.369,mouse2,350.609,1025.744
1003,285.217,926.856,mouse2,349.588,1028.535
1004,286.979,930.195,mouse2,351.193,1031.344
1005,290.659,929.464,mouse2,350.827,1029.982
1006,283.451,929.355,mouse2,349.101,1028.311
1007,277.161,925.095,mouse2,348.114,1028.928
1008,269.7,915.902,mouse2,344.575,1027.547
1009,272.254,910.596,mouse2,341.078,1022.816
1010,278.405,915.756,mouse2,341.689,1019.497
1011,271.071,912.581,mouse2,341.465,1018.529
1012,271.834,908.474,mouse2,339.554,1017.342
1013,269.591,901.187,mouse2,335.225,1018.431
1014,267.039,892.764,mouse2,330.575,1012.032
1015,272.661,892.371,mouse2,325.387,1000.731
1016,271.55,876.709,mouse2,323.417,994.202
1017,270.027,871.016,mouse2,320.703,987.371
1018,272.888,864.302,mouse2,322.646,985.421
1019,273.974,852.518,mouse2,319.575,976.041
1020,273.299,846.728,mouse2,320.871,968.033
1021,283.131,831.706,mouse2,317.851,967.589
1022,287.735,819.933,mouse2,310.369,954.65
1023,288.625,813.585,mouse2,305.869,939.941
1024,298.394,798.133,mouse2,302.813,931.488
1025,301.449,795.43,mouse2,306.612,919.408
1026,309.453,785.645,mouse2,307.364,905.879
1027,311.311,763.503,mouse2,310.852,890.223
1028,315.872,750.825,mouse2,307.833,883.297
1029,317.151,735.633,mouse2,309.51,869.593
1030,314.513,719.19,mouse2,311.472,858.456
1031,313.602,706.038,mouse2,311.993,840.099
1032,315.042,706.815,mouse2,311.431,839.117
1033,315.157,702.637,mouse2,313.388,824.009
1034,312.766,690.205,mouse2,310.843,820.99
1035,308.22,684.024,mouse2,309.834,823.479
1036,302.942,686.353,mouse2,313.017,809.794
1037,300.217,672.518,mouse2,313.099,808.138
1038,292.145,667.518,mouse2,312.388,800.863
1039,302.797,674.404,mouse2,311.873,792.643
1040,296.913,657.716,mouse2,306.698,783.309
1041,294.482,656.184,mouse2,306.632,775.632
1042,297.718,646.124,mouse2,303.084,766.251
1043,291.942,640.225,mouse2,303.19,759.161
1044,288.086,632.738,mouse2,301.632,751.157
1045,289.69,620.709,mouse2,303.153,744.444
1046,287.289,611.613,mouse2,302.968,742.196
1047,288.929,604.763,mouse2,301.82,725.294
1048,295.31,592.562,mouse2,300.548,715.886
1049,301.951,593.651,mouse2,301.358,714.757
1050,297.935,575.93,mouse2,301.695,702.862
1051,290.36,573.27,mouse2,301.128,695.215
1052,295.305,559.792,mouse2,301.857,695.315
1053,296.787,547.73,mouse2,299.303,681.267
1054,298.153,540.421,mouse2,295.976,674.814
1055,292.947,539.97,mouse2,297.454,663.558
1056,293.69,530.518,mouse2,295.052,649.55
1057,295.009,511.807,mouse2,294.023,635.707
1058,298.375,495.087,mouse2,291.683,619.407
1059,303.905,494.144,mouse2,288.802,605.466
1060,304.994,480.075,mouse2,290.365,594.716
1061,316.011,464.381,mouse2,297.29,587.383
1062,,,mouse2,295.611,575.005
1063,305.526,430.864,mouse2,294.803,565.19
1064,314.231,417.929,mouse2,298.526,552.601
1065,310.064,406.993,mouse2,302.337,540.341
1066,305.671,398.549,mouse2,309.052,536.343
1067,294.772,386.348,mouse2,314.089,515.797
1068,286.606,382.593,mouse2,309.881,504.658
1069,285.418,383.864,mouse2,312.492,502.101
1070,280.688,368.706,mouse2,309.571,499.527
1071,279.36,365.221,mouse2,312.487,494.228
1072,281.722,366.87,mouse2,309.665,486.925
1073,282.435,371.569,mouse2,308.788,485.019
1074,281.549,383.654,mouse2,311.737,475.755
1075,,,mouse2,311.357,489.158
1076,,,mouse2,312.035,491.396
1077,,,mouse2,312.09,487.101
1078,,,mouse2,311.464,490.354
1079,,,mouse2,260.658,470.685
1080,,,mouse2,,
1081,,,mouse2,261.065,487.289
1082,,,mouse2,,
1083,288.717,383.08,mouse2,315.06,508.19
1084,,,mouse2,,
1085,311.757,414.733,mouse2,327.105,541.927
1086,331.367,445.992,mouse2,328.868,568.435
1087,369.322,491.639,mouse2,329.785,600.906
1088,403.22,536.434,mouse2,328.827,600.706
1089,419.102,582.401,mouse2,325.588,615.637
1090,429.346,626.039,mouse2,329.467,634.862
1091,440.363,674.445,mouse2,339.441,655.037
1092,462.51,732.772,mouse2,357.554,679.094
1093,485.381,769.338,mouse2,368.091,713.397
1094,510.246,800.822,mouse2,389.669,735.937
1095,529.072,829.342,mouse2,418.396,765.197
1096,557.846,859.859,mouse2,441.636,790.871
1097,573.052,882.755,mouse2,466.233,814.298
1098,595.206,903.187,mouse2,485.922,838.963
1099,624.676,927.845,mouse2,508.525,858.717
1100,653.06,943.44,mouse2,537.285,882.18
1101,686.062,961.337,mouse2,565.676,903.361
1102,714.39,979.196,mouse2,592.16,927.757
1103,743.985,1005.609,mouse2,624.359,944.273
1104,766.929,1022.942,mouse2,648.873,964.241
1105,800.284,1041.283,mouse2,678.633,989.796
1106,832.169,1061.791,mouse2,715.127,1011.51
1107,863.041,1084.157,mouse2,741.822,1034.728
1108,895.846,1106.426,mouse2,785.017,1047.756
1109,925.089,1135.09,mouse2,821.977,1068.975
1110,954.036,1155.302,mouse2,852.338,1094.947
1111,989.2,1179.927,mouse2,879.062,1117.165
1112,1016.758,1191.969,mouse2,909.669,1138.964
1113,1033.578,1202.629,mouse2,934.466,1151.559
1114,1053.477,1229.059,mouse2,949.516,1172.875
1115,1064.917,1251.093,mouse2,976.89,1181.341
1116,1072.672,1275.831,mouse2,990.794,1200.096
1117,1085.497,1291.987,mouse2,1005.597,1207.874
1118,1098.629,1293.888,mouse2,1013.935,1225.425
1119,1101.573,1298.931,mouse2,1014.854,1226.424
1120,1103.674,1296.694,mouse2,1016.088,1235.411
1121,1112.655,1281.401,mouse2,1019.116,1222.417
1122,1117.643,1266.266,mouse2,1015.74,1226.951
1123,1121.118,1262.993,mouse2,1026.23,1223.49
1124,1122.684,1250.769,mouse2,1028.533,1224.842
1125,1125.576,1237.702,mouse2,1031.193,1224.443
1126,1132.565,1216.502,mouse2,1039.91,1225.443
1127,1135.014,1197.209,mouse2,1049.073,1221.62
1128,1143.624,1184.857,mouse2,1050.606,1221.531
1129,1151.321,1184.457,mouse2,1063.676,1212.386
1130,1164.072,1183.415,mouse2,1074.003,1212.838
1131,1171.195,1177.856,mouse2,1080.203,1209.8
1132,1183.734,1181.09,mouse2,1092.388,1225.169
1133,1185.973,1181.681,mouse2,1108.785,1225.17
1134,1202.478,1179.101,mouse2,1121.102,1225.628
1135,1217.061,1176.285,mouse2,1127.723,1223.991
1136,1234.47,1175.673,mouse2,1143.031,1217.448
1137,1253.095,1175.632,mouse2,1158.391,1211.197
1138,1266.869,1176.498,mouse2,1175.006,1207.802
1139,1280.849,1175.015,mouse2,1189.643,1207.277
1140,1295.679,1179.982,mouse2,1195.714,1207.494
1141,1295.879,1175.53,mouse2,1206.479,1194.031
1142,1296.233,1165.424,mouse2,1208.039,1205.183
1143,1287.34,1151.082,mouse2,1211.284,1207.016
1144,1281.933,1146.671,mouse2,1212.971,1210.31
1145,1274.871,1139.624,mouse2,1212.374,1210.695
1146,1267.879,1133.41,mouse2,1208.15,1209.549
1147,1246.866,1121.675,mouse2,1207.268,1207.347
1148,1231.871,1108.138,mouse2,1206.951,1203.808
1149,1221.107,1101.153,mouse2,1210.917,1194.016
1150,1222.345,1089.178,mouse2,1213.553,1184.775
1151,1229.334,1082.574,mouse2,1224.034,1176.808
1152,1228.627,1071.576,mouse2,1224.024,1156.472
1153,1224.684,1054.645,mouse2,1223.65,1145.053
1154,1221.321,1045.455,mouse2,1220.862,1142.387
1155,1216.813,1032.162,mouse2,1225.828,1122.316
1156,1219.082,1021.982,mouse2,1227.35,1113.41
1157,1224.865,1008.795,mouse2,1224.436,1108.881
1158,1228.638,992.544,mouse2,1227.482,1096.203
1159,1229.591,976.847,mouse2,1233.985,1081.402
1160,1229.7,959.379,mouse2,1244.044,1065.631
1161,1230.253,942.499,mouse2,1239.362,1052
1162,1232.118,920.794,mouse2,1241.417,1031.997
1163,1239.9,900.683,mouse2,1244.954,1003.139
1164,1244.121,884.25,mouse2,1245.683,988.687
1165,1249.438,865.365,mouse2,1245.64,974.321
1166,1246.8,854.704,mouse2,1248.74,960.687
1167,1250.273,848.119,mouse2,1247.114,953.952
1168,1251.573,840.921,mouse2,1255.651,951.07
1169,1255.981,831.687,mouse2,1253.522,964.12
1170,1261.193,826.754,mouse2,1256.654,933.212
1171,1261.717,818.679,mouse2,1259.288,934.399
1172,1262.362,810.876,mouse2,1261.165,923.81
1173,1265.757,801.193,mouse2,1261.728,937.228
1174,1263.556,793.446,mouse2,1262.817,903.141
1175,1268.208,782.247,mouse2,1259.096,901.445
1176,1264.432,776.857,mouse2,1257.631,907.047
1177,1265.863,768.951,mouse2,1253.824,903.032
1178,1262.746,764.591,mouse2,1252.526,886.758
1179,1251.814,766.325,mouse2,1251.998,884.087
1180,1248.825,761.529,mouse2,1257.406,887.055
1181,1246.873,765.064,mouse2,1256.681,888.059
1182,1243.961,766.396,mouse2,1254.316,891.483
1183,1243.127,764.874,mouse2,1258.282,869.481
1184,1243.942,766.45,mouse2,1260.324,892.911
1185,1244.458,765.348,mouse2,1261.167,893.074
1186,1244.767,764.46,mouse2,1262.051,891.57
1187,1244.678,764.302,mouse2,1262.542,887.603
1188,1244.981,764.79,mouse2,1262.781,887.16
1189,1245.32,765.881,mouse2,1264.059,889.593
1190,1244.478,767.515,mouse2,1261.127,877.962
1191,1245.396,767.92,mouse2,1261.792,878.159
1192,1248.336,767.748,mouse2,1263.036,873.291
1193,1254.135,774.05,mouse2,1262.775,872.343
1194,1263.315,781.294,mouse2,1261.73,879.61
1195,1272.137,781.848,mouse2,1264.474,878.325
1196,1278.85,781.581,mouse2,1271.046,881.275
1197,1279.703,783.288,mouse2,1275.481,872.788
1198,1276.382,785.084,mouse2,1273.651,868.908
1199,1270.003,783.246,mouse2,1274.964,868.414
1200,1254.368,781.958,mouse2,1276.897,868.206
1201,1242.558,786.712,mouse2,1275.038,870.33
1202,1232.06,789.033,mouse2,1274.749,873.368
1203,1230.575,796.227,mouse2,1270.667,879.994
1204,1210.832,800.96,mouse2,1268.805,879.655
1205,1197.133,813.305,mouse2,1263.801,891.452
1206,1183.813,812.314,mouse2,1258.599,870.917
1207,1167.924,808.681,mouse2,1251.119,866.226
1208,1165.583,798.226,mouse2,1243.251,857.119
1209,1149.473,782.993,mouse2,1233.763,845.087
1210,1137.264,775.313,mouse2,1224.8,839.364
1211,1134.089,767.736,mouse2,1215.707,826.333
1212,1117.991,759.029,mouse2,1205.016,814.887
1213,1100.842,756.229,mouse2,1203.44,808.747
1214,1090.528,761.204,mouse2,1192.694,790.955
1215,1086.434,766.307,mouse2,1187.262,782.286
1216,1089.051,782.586,mouse2,1190.264,778.779
1217,1086.966,784.399,mouse2,1189.232,780.778
1218,1083.838,787.465,mouse2,1189.25,785.324
1219,1073.475,793.129,mouse2,1176.472,788.67
1220,1070.53,797.883,mouse2,1185.548,794.373
1221,1055.599,798.466,mouse2,1179.08,790.804
1222,1042.579,797.236,mouse2,1169.145,782.392
1223,1039.573,796.739,mouse2,1159.66,785.856
1224,1028.321,796.144,mouse2,1148.812,787.465
1225,1022.919,788.865,mouse2,1132.138,776.349
1226,1020.558,781.365,mouse2,1137.701,793.685
1227,1022.509,781.829,mouse2,1138.204,792.28
1228,1020.05,780.16,mouse2,1133.836,794.257
1229,1018.238,783.704,mouse2,1133.65,790.142
1230,1016.501,786.024,mouse2,1134.982,783.669
1231,1015.96,787.762,mouse2,1137.947,782.135
1232,1015.541,787.119,mouse2,1138.789,781.484
1233,1014.132,791.721,mouse2,1137.374,781.001
1234,1008.374,794.331,mouse2,1135.92,780.83
1235,1009.837,799.067,mouse2,1133.539,789.118
1236,1005.604,807.581,mouse2,1133.333,791.026
1237,1008.224,812.999,mouse2,1132.613,793.521
1238,1009.42,814.42,mouse2,1131.009,795.346
1239,1008.811,816.894,mouse2,1129.288,788.47
1240,1002.302,815.352,mouse2,1127.194,787.731
1241,1001.307,816.307,mouse2,1126.923,788.141
1242,1002.814,818.964,mouse2,1126.839,789.355
1243,1005.833,826.403,mouse2,1127.87,788.875
1244,1002.825,819.618,mouse2,1126.711,789.657
1245,1003.582,819.196,mouse2,1128.146,789.91
1246,1004.384,819.185,mouse2,1128.526,790.197
1247,1005.104,818.895,mouse2,1128.123,791.481
1248,1004.318,819.039,mouse2,1129.333,790.781
1249,1005.375,818.83,mouse2,1130.324,791.092
1250,1004.964,818.303,mouse2,1130.886,792.711
1251,1003.178,818.077,mouse2,1130.27,790.972
1252,1000.525,815.546,mouse2,1128.851,791.512
1253,1000.486,814.391,mouse2,1130.78,790.729
1254,1000.503,815.167,mouse2,1126.408,792.451
1255,999.198,813.801,mouse2,1127.164,791.704
1256,998.19,811.553,mouse2,1127.843,791.54
1257,1004.576,815.526,mouse2,1129.766,791.219
1258,1005.906,814.633,mouse2,1129.979,791.152
1259,1004.654,814.473,mouse2,1129.799,791.674
1260,1002.986,813.005,mouse2,1127.918,792.777
1261,995.855,810.089,mouse2,1120.115,779.373
1262,994.95,805.898,mouse2,1127.883,790.959
1263,997.712,806.734,mouse2,1126.212,790.877
1264,997.366,807.699,mouse2,1127.756,794.114
1265,993.922,806.6,mouse2,1126.202,790.39
1266,993.542,808.312,mouse2,1125.763,792.01
1267,993.449,810.539,mouse2,1125.979,791.799
1268,994.067,814.514,mouse2,1125.685,791.646
1269,995.147,816.836,mouse2,1126.199,791.524
1270,995.553,816.286,mouse2,1126.346,795.751
1271,993.878,815.976,mouse2,1126.391,795.796
1272,993.45,813.403,mouse2,1124.418,795.968
1273,990.885,811.407,mouse2,1121.898,795.719
1274,986.224,797.215,mouse2,1119.055,790.703
1275,982.79,784.134,mouse2,1116.204,791.611
1276,977.8,775.772,mouse2,1111.789,782.213
1277,971.674,767.938,mouse2,1105.516,776.349
1278,967.454,758.746,mouse2,1099.478,774.882
1279,958.497,747.488,mouse2,1094.82,773.763
